IMG_8064(20230413-133153).JPG,1034.9481,938.49255,334.79718,1021.1645,913.98444,230.5093,1009.9245,914.27435,230.48473,997.9882,914.9356,230.37294,1049.3452,916.34705,228.76723,1058.1039,917.8326,228.82854,1067.438,919.0842,228.6123,979.07574,936.0176,-67.515045,1088.3271,937.6889,-75.56676,1018.7191,963.46387,256.90207,1047.6024,962.5951,253.3642,877.6323,1105.0723,-169.2362,1167.13,1117.9928,-122.24151,803.7964,1273.45,165.48624,1233.6893,1307.4443,190.84657,841.83185,1119.4396,658.89056,1206.882,1162.1317,691.8412,840.7838,1082.9702,701.2927,1217.5356,1136.2966,743.63995,860.96936,1070.4799,688.9727,1200.6007,1115.1859,756.2507,862.3914,1085.9752,669.9076,1192.1393,1125.5223,712.3798,947.7012,1562.7789,-27.180534,1103.9745,1558.8185,26.832602,945.16437,1856.7834,301.43927,1062.3425,1850.6232,432.1677,977.9782,2143.1404,585.2682,1043.5337,2142.187,767.47186,982.75854,2193.81,620.90515,1047.8911,2194.5903,805.8868,978.05426,2116.7734,628.7429,1037.7588,2116.2278,789.00366
IMG_8067(20230413-133158).JPG,1079.3198,806.60205,521.5993,1066.0503,775.98486,408.59338,1054.8082,777.1763,408.57242,1043.5526,778.2458,408.42422,1094.817,775.2422,410.6454,1103.9185,776.17267,410.62045,1113.608,777.1746,410.35812,1028.7659,796.5896,70.08664,1133.4719,800.0961,79.95376,1063.3708,836.9137,428.79343,1092.4117,835.2646,430.71167,930.1333,970.5521,-61.071823,1217.0469,979.09125,-12.45336,864.21747,1175.8438,290.66153,1298.0634,1172.5974,326.95444,966.215,1194.5409,827.88995,1227.8131,1120.0024,923.4745,981.4551,1210.6248,886.3964,1226.5862,1110.0046,1008.9359,1007.00836,1193.2898,867.4775,1222.8097,1071.0203,1012.0302,1003.0458,1183.5759,835.52356,1206.362,1081.7949,942.2656,1009.03235,1424.7473,-8.060253,1165.9133,1418.8394,7.7493954,1031.0687,1737.0258,262.51523,1158.3816,1733.0164,318.8602,1073.4471,2065.2085,465.12552,1153.8474,2062.4343,575.37805,1075.8923,2116.6965,489.79468,1147.734,2116.2297,603.50275,1076.7457,2048.4058,489.67313,1141.7933,2048.0266,579.6855
IMG_8069(20230413-133200).JPG,1082.6785,766.0826,221.09581,1068.1954,739.06934,118.44813,1058.49,739.41296,118.33525,1048.1387,740.17523,118.13983,1093.7589,741.28876,108.18344,1102.6129,742.63556,108.31339,1112.1859,744.06616,108.20131,1029.5449,764.8531,-165.93663,1122.6182,765.41364,-212.31161,1069.1537,795.5322,149.9033,1093.8185,793.96497,135.62921,916.095,953.0308,-244.7243,1203.3632,942.0327,-241.02898,873.40247,1152.8336,177.32994,1297.4478,1136.8372,94.31663,974.7002,1162.9633,722.56165,1273.518,991.7824,639.43756,995.403,1166.4631,786.87616,1290.0608,946.90533,692.7052,1022.0814,1147.809,747.2511,1260.7677,932.31726,698.3225,1023.6199,1148.9327,723.8298,1250.7708,942.6469,656.2536,1021.58496,1438.2131,-33.219936,1159.1335,1431.9886,32.804195,1079.1366,1718.3551,480.14716,1182.1786,1694.4093,531.532,1138.2164,1970.2407,875.31085,1205.0604,1960.1948,934.0238,1140.9355,2019.6879,924.7378,1212.3773,2007.6602,983.35095,1146.5813,1963.594,970.0126,1203.0298,1948.6641,1013.808
IMG_8071(20230413-133203).JPG,789.3165,792.2027,218.56557,766.08716,760.90576,152.81346,756.29846,760.5861,152.6877,746.25836,760.4546,152.58003,785.1724,762.26855,110.43301,789.1938,762.82263,110.30355,793.20337,763.40106,110.079575,721.18225,776.75146,-24.9586,788.3629,779.0697,-213.60806,775.2249,820.53784,180.60823,793.5886,818.9159,124.28775,605.0772,966.3716,12.353749,832.2843,930.09564,-315.367,604.2207,1141.6099,442.49658,944.1322,1120.1178,-76.43844,709.2727,1152.809,850.7151,927.5662,969.81287,417.65256,715.1266,1155.6979,920.13763,936.473,930.17346,456.98672,734.6144,1133.4884,885.1823,911.9231,919.64014,452.72244,741.6223,1132.4595,847.68494,901.8588,929.3676,431.12796,703.2416,1413.3298,62.863472,833.9193,1388.5624,-63.383476,848.2301,1698.3555,350.0177,928.1835,1672.121,268.60477,965.7549,1956.6893,620.64343,1028.9581,1939.0288,547.8951,989.87354,2006.751,650.22986,1057.6007,1980.0474,577.18945,967.7008,1978.3986,599.4958,1024.3639,1955.179,503.41254
IMG_8073(20230413-133205).JPG,920.3595,878.75726,-26.001371,894.7404,852.7979,-18.354004,888.89056,853.39557,-18.429674,883.5335,854.1607,-18.595179,901.95245,850.9913,-125.584564,901.0299,850.1207,-125.74141,900.3416,849.50995,-125.8635,853.94836,874.9015,77.69434,881.71655,870.9296,-402.3014,911.469,911.14484,31.210306,918.6947,909.8943,-108.392624,752.01337,1080.8612,332.98688,927.8844,1039.0205,-618.262,795.4449,1253.9298,921.56726,998.24066,1226.3511,-437.19232,886.46686,1151.6295,1399.5938,1006.03265,1075.2219,265.53833,903.50195,1138.7151,1495.1166,1009.15015,1038.4751,301.2483,909.32355,1114.6686,1447.133,994.6654,1028.9264,300.61948,913.8228,1115.5549,1387.6919,984.4517,1046.392,287.46198,849.0136,1586.8837,302.68475,963.2725,1579.667,-303.19604,920.1384,1882.0596,651.0736,1018.3569,1916.9758,98.645485,965.04584,2200.2764,992.1462,994.43274,2234.8115,512.6145,933.1728,2261.296,1025.3896,962.7143,2291.376,556.7564,1053.632,2266.4263,988.0444,1097.7389,2302.2341,453.42313
IMG_8075(20230413-133225).JPG,1099.5248,841.70056,-166.57443,1072.7063,817.0425,-133.76762,1069.0751,816.76526,-133.95288,1065.2059,816.6307,-134.14427,1072.5002,820.1579,-253.08467,1069.1101,821.61786,-253.1913,1065.4104,823.0114,-253.22993,1031.2747,839.2669,63.77042,1040.482,845.62897,-475.23987,1097.099,873.82007,-76.731636,1093.786,876.4248,-232.87866,972.31946,1017.31134,408.39047,1052.2008,1008.4712,-689.3479,1056.465,1208.5906,833.31616,1141.525,1209.5532,-657.4895,1147.7339,1056.717,945.27924,1203.886,1020.3679,-160.49542,1164.5667,1015.8367,976.0248,1224.7385,970.15125,-185.01962,1167.5111,999.7767,914.09595,1208.0476,967.986,-191.74619,1159.2179,1020.32947,912.39215,1193.2567,981.7124,-150.67326,1054.2421,1520.2009,341.6889,1092.3439,1519.3972,-341.7198,1138.8368,1832.3969,714.7618,1132.4769,1835.1715,46.7228,1158.4219,2139.842,1100.4177,1168.6223,2158.6582,469.40112,1127.9923,2200.4473,1132.0087,1143.4265,2221.5396,506.4474,1261.495,2195.0444,1022.00543,1273.497,2208.5093,324.28293
IMG_8077(20230413-133227).JPG,1397.6993,446.21265,-152.64679,1434.5581,427.88635,-247.0647,1439.7013,430.79944,-247.23074,1445.2141,434.39273,-247.31876,1433.5415,425.27658,-121.37083,1437.6978,426.05673,-121.29709,1442.6542,427.41968,-121.58184,1474.7046,471.1587,-462.523,1475.4756,462.03506,89.927795,1397.3011,491.8371,-213.12103,1396.2095,488.1395,-53.135357,1433.3357,674.93524,-731.0827,1500.1492,709.75946,501.19373,1374.499,928.37537,-805.7034,1445.5162,989.58826,865.7398,1281.3986,704.522,-475.71747,1325.6765,943.8462,981.3149,1254.6395,648.84894,-528.61725,1306.9229,932.134,1028.7211,1268.0096,640.3727,-496.3032,1288.2811,901.6887,950.4084,1285.1466,659.7891,-450.41168,1288.226,905.68134,947.3591,1333.5873,1310.4081,-386.22873,1390.1115,1320.4943,386.4494,1199.6997,1726.4663,-173.18866,1260.434,1724.4381,575.47864,1168.8627,2109.8806,80.081436,1192.2559,2093.97,805.01624,1208.4237,2190.3333,96.07341,1237.9762,2178.9316,815.78845,982.8368,2172.1414,-105.829994,1029.6967,2143.6147,665.74695
IMG_8079(20230413-133229).JPG,1389.6962,643.2142,-420.15524,1373.7124,600.3598,-352.729,1374.7234,600.0034,-352.9485,1375.4633,600.26404,-353.10153,1358.6937,602.4582,-426.39673,1348.8309,603.3093,-426.47223,1338.3082,604.89606,-426.75784,1348.5073,622.88196,40.63987,1299.4895,629.5473,-291.97952,1389.9349,677.3141,-266.49814,1370.5166,680.096,-363.42215,1393.2135,851.38055,343.71255,1225.8677,816.8102,-423.28522,1467.3102,1011.96405,255.27132,1204.7063,1069.982,-1029.354,1471.5414,880.4138,-126.44324,1291.3904,801.18774,-1503.1681,1478.02,869.49524,-186.70244,1293.7728,744.02295,-1638.2151,1468.5,849.2123,-202.89987,1286.9039,730.845,-1619.0518,1458.0752,865.06256,-149.74994,1287.6632,751.7093,-1506.6012,1416.0045,1407.5216,273.59637,1300.2028,1410.6835,-273.99457,1465.0074,1805.8303,344.7515,1331.8375,1840.0356,-169.77176,1429.6841,2140.4697,672.9437,1364.435,2198.6968,151.7134,1392.3741,2200.0708,686.5505,1334.4905,2257.1475,164.4174,1558.7312,2248.6157,389.76093,1487.0319,2317.2087,-223.00119
IMG_8081(20230413-133231).JPG,1336.0214,733.70905,-597.26624,1317.2606,710.3558,-517.9552,1318.036,710.9301,-518.0717,1318.6558,711.8459,-518.14264,1305.1753,714.1432,-591.5097,1296.3264,717.6396,-591.6168,1286.3182,721.9655,-591.9441,1295.2754,742.8365,-91.16822,1245.8766,761.4044,-419.11914,1339.9414,773.4231,-434.49963,1324.7645,779.0662,-530.4075,1362.2214,968.93555,246.68657,1160.518,958.6417,-535.85626,1435.1779,1108.231,206.32684,1124.2767,1160.3522,-1234.8228,1470.9532,975.8963,-74.496994,1191.2217,945.7796,-1792.7216,1477.0835,948.6418,-114.96848,1201.622,889.9575,-1937.7617,1469.4551,947.4353,-107.42161,1198.4637,883.381,-1903.532,1457.7805,957.02094,-85.0707,1197.8293,902.0578,-1790.2429,1384.3301,1495.9994,246.81302,1240.6345,1505.4738,-247.22818,1411.5498,1864.8052,282.06427,1290.1138,1886.205,-250.93262,1375.5343,2196.3057,731.57965,1322.2402,2228.028,126.609116,1336.669,2250.9702,754.9467,1298.653,2288.6477,142.2524,1469.8955,2308.5742,431.09,1428.8722,2335.394,-283.23987
IMG_8083(20230413-133233).JPG,1256.0283,948.5158,-642.60645,1240.7384,923.61237,-564.9514,1242.3849,923.8245,-565.0573,1243.9061,924.4615,-565.17175,1225.9753,927.66205,-638.0024,1217.211,931.2062,-638.1532,1207.3344,935.7628,-638.48834,1221.6478,950.91626,-143.55887,1169.8792,970.5097,-470.15134,1258.9205,983.516,-481.57523,1242.5565,990.8012,-576.6681,1283.0519,1168.1068,227.82492,1095.7817,1167.7059,-559.86273,1341.3425,1348.6166,250.36772,1024.6056,1344.3862,-1161.0562,1365.8752,1218.1472,-15.305808,1110.7289,1132.4498,-1619.0317,1374.846,1190.3274,-54.904728,1125.176,1072.1857,-1753.3383,1368.9182,1181.1749,-53.40522,1125.7603,1065.7339,-1708.3964,1361.0797,1184.3131,-27.64681,1124.1201,1084.0322,-1608.362,1327.1438,1685.1637,268.59784,1202.8167,1696.2595,-269.25385,1320.2926,2057.9824,560.92285,1222.6309,2076.97,-90.18332,1284.4335,2364.021,1201.4259,1206.5349,2414.2468,415.7417,1240.7417,2404.0303,1249.3914,1184.8063,2456.7546,449.55322,1386.8298,2468.6704,987.6056,1305.1383,2530.297,79.564705
IMG_8085(20230413-133253).JPG,1130.0514,506.26773,-459.6201,1117.6064,477.79776,-385.6127,1120.0399,477.67377,-385.72546,1122.2719,478.1754,-385.79868,1100.1566,481.9423,-454.60056,1089.0374,485.12946,-454.7078,1075.5907,489.58936,-455.00247,1096.0398,503.0907,30.584267,1029.6008,520.8683,-273.09634,1133.645,539.26025,-298.84134,1113.7377,546.1162,-387.18604,1195.1342,691.42896,335.3908,958.87537,709.9623,-344.28458,1246.7043,901.89874,66.101555,906.5579,927.0381,-925.8472,1252.2501,728.94604,-504.38397,967.216,687.3564,-1400.8013,1245.2625,692.1324,-608.42914,987.0323,637.4202,-1536.7568,1245.2295,683.3027,-587.5971,982.3835,625.33057,-1510.1769,1240.3552,695.02856,-519.3393,978.9178,641.53174,-1398.3787,1218.9197,1212.0847,217.94301,1080.7344,1231.6259,-218.29341,1247.5731,1584.8998,162.04677,1121.4384,1623.2507,-207.75735,1226.7942,1910.28,698.8427,1132.1605,1941.1622,295.83224,1201.5873,1963.3967,730.6145,1122.0951,1991.1807,324.8321,1295.438,2030.9308,370.33258,1186.1193,2059.4832,-115.71214
IMG_8087(20230413-133255).JPG,1356.0328,567.05725,-238.3389,1352.9388,551.23975,-179.53134,1357.7622,552.29224,-179.52205,1362.9645,553.6265,-179.6138,1331.8623,554.39404,-206.51787,1321.8818,557.8854,-206.55559,1311.7026,561.703,-206.66273,1361.8857,581.1253,120.40073,1281.297,596.62256,-3.5843456,1367.8771,600.0343,-127.64557,1342.6161,604.1451,-163.58368,1469.5453,771.4634,237.03905,1218.7031,784.6111,-35.142853,1526.6233,977.2387,-148.92467,1177.0269,970.1897,-571.7967,1524.6082,763.5099,-581.1405,1211.1267,738.44806,-1081.2368,1522.0688,721.6982,-673.24054,1214.8912,693.3415,-1194.4993,1522.0646,704.16986,-623.8013,1214.2782,684.1041,-1168.4506,1516.5111,718.9422,-575.21246,1217.8323,697.60535,-1087.4064,1444.8525,1259.4115,68.12753,1284.0419,1255.6052,-68.23231,1405.5408,1601.7523,126.90471,1276.3983,1609.8766,-54.71291,1363.707,1885.454,714.0392,1254.782,1904.6029,424.09814,1340.4845,1914.2369,759.3147,1248.2506,1938.1,455.955,1391.74,2002.1608,463.8724,1277.3325,2031.7587,112.868866
IMG_8089(20230413-133258).JPG,1003.3039,955.6163,-349.37637,1028.8889,941.451,-343.8278,1038.4991,945.3521,-343.91367,1048.2009,950.29614,-343.99448,1012.1754,937.31244,-289.893,1008.6391,937.42,-289.9048,1005.1057,938.1715,-289.93356,1076.5692,983.17615,-246.50876,1019.3842,966.4041,2.5537958,1013.3514,985.48737,-311.87158,993.03906,981.0736,-240.85353,1140.6165,1127.7086,-294.31143,932.48956,1132.1787,195.16074,1169.5916,1245.8773,-800.2332,869.8048,1272.8938,-92.129944,1131.8802,1078.4847,-1256.4177,845.8953,1082.1777,-695.1294,1125.7896,1043.5576,-1359.4084,848.0682,1047.6573,-795.73193,1123.2412,1036.639,-1323.5419,851.6659,1039.4785,-777.86707,1120.434,1047.8801,-1250.7148,854.97437,1049.3889,-712.43304,1052.7731,1533.1588,-176.70734,924.40717,1521.2854,175.98679,1024.5477,1823.8243,-99.24407,911.95874,1818.3118,312.31287,1006.88806,2071.9968,277.5271,942.5666,2055.8347,686.696,1021.3398,2110.3577,296.27255,966.5963,2094.2466,707.0028,952.45013,2153.3948,-34.258213,873.7112,2149.5305,455.20667
IMG_8091(20230413-133300).JPG,1124.9946,536.7723,-436.03302,1148.0645,520.18195,-424.90933,1156.9677,522.6269,-425.09537,1165.6298,525.39215,-425.23285,1130.4255,515.53204,-371.50244,1126.8977,514.5285,-371.44824,1123.7537,514.02167,-371.62482,1187.656,546.69855,-301.92462,1131.0754,530.78156,-63.04711,1139.852,567.42334,-390.55975,1117.7295,560.71295,-322.546,1251.9688,686.2102,-375.33887,1060.8362,706.15,198.47325,1255.2593,817.2535,-799.138,979.0918,836.65295,15.899976,1193.036,616.3634,-1128.3595,966.0697,651.30005,-454.98178,1187.5067,576.98126,-1220.4971,964.7433,614.0721,-533.03577,1182.3628,566.8955,-1192.1418,970.09875,608.3751,-506.33224,1184.4648,580.92175,-1122.7069,974.8467,618.736,-464.77567,1186.7498,1109.8965,-199.89214,1065.5402,1100.299,199.44067,1147.2067,1402.882,-144.26117,1055.0441,1388.4592,334.78046,1131.6475,1655.2004,201.33455,1071.4222,1641.4065,758.4735,1154.2942,1691.8732,219.28183,1092.9707,1676.7137,786.6753,1063.5585,1744.8911,-97.66865,1007.16284,1723.7715,562.5996
IMG_8092(20230413-133301).JPG,1012.8553,669.9729,-363.17953,1045.4253,647.5396,-380.31012,1053.6758,651.94196,-380.4777,1062.3663,657.07227,-380.56927,1033.6749,636.60077,-298.10468,1032.5645,632.77234,-298.14435,1031.5253,629.7412,-298.20358,1092.665,686.91473,-355.3112,1046.8606,654.33496,8.61239,1015.84296,705.9868,-350.99008,1001.51196,694.54675,-246.94243,1125.4574,835.8104,-516.0284,984.53534,860.05664,312.0028,1105.7495,989.442,-1081.4219,879.12256,1004.6351,217.65192,1057.7949,805.64185,-1523.6481,850.6453,810.68994,-281.48566,1042.4486,762.3493,-1649.7782,845.53284,768.65643,-350.73276,1041.2089,745.08405,-1609.5989,851.2658,762.8865,-357.40005,1043.1713,761.0377,-1514.6017,857.87976,778.8606,-305.10284,1017.13214,1315.599,-296.93323,942.8092,1314.4176,296.63846,1021.5783,1640.7854,-240.15614,974.7532,1624.4532,477.12802,1064.7753,1935.0583,-79.169304,1044.0596,1891.3453,796.80707,1118.5668,1995.4058,-74.53205,1089.31,1951.685,814.6948,970.7953,2051.9807,-391.74765,957.27655,1993.9323,604.804
IMG_8095(20230413-133322).JPG,1069.822,540.3918,-422.25186,1106.3168,517.02014,-457.90448,1114.8517,520.9262,-458.14377,1124.1697,525.7404,-458.33948,1094.503,508.3563,-360.91553,1093.9314,505.8891,-360.93546,1093.7455,504.06686,-361.03113,1157.4243,563.0885,-473.59695,1117.1844,536.3324,-43.837296,1071.6971,583.9952,-419.26648,1056.8281,573.18494,-296.63992,1196.4979,751.32086,-647.99524,1024.1794,728.20245,279.72052,1136.6313,910.9086,-1136.4628,935.8713,873.23596,155.93843,1095.4548,697.9123,-1420.0669,922.81805,724.8716,-395.81885,1081.6622,656.3336,-1539.9146,905.922,692.4525,-477.80573,1098.7994,638.6662,-1521.9905,920.5552,682.5359,-490.4543,1100.8083,653.7725,-1416.4913,927.6353,696.2336,-426.96964,1039.9856,1266.1798,-303.4447,956.1921,1250.1337,303.12927,1036.0844,1602.9733,-55.33332,968.0383,1577.01,589.4542,1034.2272,1890.1107,431.8959,1017.2079,1852.7467,1095.2618,1081.6006,1949.1765,467.6762,1065.1497,1924.8392,1132.9124,916.20526,1999.0903,135.13774,906.65826,1963.7065,914.2764
IMG_8097(20230413-133324).JPG,1064.2711,383.13303,-297.31104,1089.7245,362.13718,-354.77997,1093.8875,363.59464,-354.8704,1098.4856,365.49826,-354.85168,1086.2244,360.14438,-242.4749,1087.6608,360.02557,-242.45334,1089.3849,360.33182,-242.54478,1127.5696,391.23846,-474.87744,1113.2205,384.78033,28.668781,1060.958,414.4432,-335.31015,1055.1447,414.14218,-189.85014,1145.895,559.8515,-754.4248,1082.4893,573.50885,372.54184,1125.3212,642.2722,-1525.6943,1044.9443,601.155,1117.6469,1041.7427,498.50995,-2120.5305,975.2566,529.905,1803.7242,1047.3776,469.65167,-2266.5269,953.8839,497.81775,1946.0656,1042.5305,457.76733,-2227.8462,957.41364,495.34308,1893.9823,1040.2927,476.06787,-2120.897,959.6042,501.2431,1798.1407,1081.6799,1064.5614,-366.14447,1050.305,1063.7534,365.95132,1076.521,1409.2064,-246.69221,1072.0907,1408.0667,610.41064,1144.5193,1510.2267,161.51424,1140.0098,1691.564,902.5411,1182.1233,1519.5385,205.6465,1193.9441,1736.8485,923.7327,1076.5221,1584.6888,108.51284,1045.7079,1791.8785,816.722
IMG_8101(20230413-133328).JPG,1169.6879,359.1859,-333.93823,1200.6755,332.70212,-408.23648,1204.8718,335.42914,-408.34674,1209.2179,338.92572,-408.2783,1201.9133,331.07184,-278.93875,1206.7843,332.21082,-279.0503,1211.9254,333.98398,-279.2222,1245.1294,378.14328,-552.9953,1246.5864,369.98016,23.497608,1171.4987,398.18356,-373.94446,1173.676,394.49683,-207.57811,1217.2606,561.27136,-828.8586,1242.5016,560.68787,432.84283,1181.6128,787.4413,-1477.9489,1148.0829,740.8637,1098.8077,1137.2393,803.92206,-2089.932,1015.4927,742.5468,1561.2543,1123.306,804.9138,-2263.8503,984.40375,734.66547,1665.8135,1153.5844,720.4817,-2253.0166,975.29443,722.06116,1571.7795,1152.5897,723.54425,-2102.0527,978.37225,728.02325,1532.6301,1114.6353,1156.5885,-429.3069,1169.2322,1146.6643,429.0352,1098.7454,1529.3081,-150.58167,1179.2184,1524.4921,647.1706,1159.5748,1909.866,148.88048,1200.5537,1862.9354,1024.1364,1201.8164,1959.1411,172.84044,1249.0256,1921.9487,1049.5818,1038.9497,2004.7231,-63.22242,1074.3792,1969.9054,859.825
IMG_8103(20230413-133330).JPG,1006.6154,290.4883,-199.08775,1034.8068,257.8558,-286.9384,1039.0942,258.23416,-287.06516,1043.4889,258.93762,-287.16064,1035.599,258.30243,-157.54642,1040.4431,258.59143,-157.64441,1045.6533,259.0995,-157.8028,1076.8861,285.69064,-489.29288,1079.7374,283.49167,90.90364,1011.1551,327.21667,-253.36105,1011.8195,328.49207,-86.23075,1067.4623,470.2586,-773.12305,1118.8672,533.96454,518.94543,965.5816,686.5416,-1204.9045,1012.3317,772.07166,1147.919,899.15796,462.62762,-1313.6188,921.3553,585.0999,1628.4113,877.29333,411.99646,-1407.6696,909.67773,535.3268,1730.6766,901.03577,402.46466,-1359.0146,891.8771,508.55374,1670.4459,911.7827,424.04086,-1292.326,890.6104,527.22034,1609.4729,948.4204,1122.3492,-431.38165,990.2165,1136.0532,431.20413,980.06256,1577.0555,-186.16223,988.8143,1555.2039,623.06635,1106.673,1945.491,130.15904,1086.7375,1913.9545,984.4408,1162.338,2003.421,160.49016,1141.769,1968.3558,1012.2148,952.11914,2024.5713,-57.62353,940.56287,2010.3965,845.9461
IMG_8105(20230413-133358).JPG,1336.3787,249.80193,-233.80782,1363.2452,220.1722,-336.37985,1366.3848,221.4607,-336.50278,1369.5815,223.11441,-336.7118,1365.9011,219.14102,-214.92664,1371.0394,219.5858,-214.93608,1376.8815,220.51477,-214.92212,1400.7264,249.80753,-584.3955,1415.2844,249.57018,-45.688957,1338.5289,290.16187,-303.19064,1340.6,290.1697,-148.4186,1331.1382,442.73856,-841.3747,1488.2324,493.76004,379.94992,1168.6909,685.0402,-594.5185,1281.4305,695.7968,836.6804,1110.4231,501.3339,150.95207,1164.1772,535.66144,1056.1945,1117.0457,423.0262,154.39265,1135.9883,447.39154,1087.0154,1141.3983,409.0495,134.89107,1134.9945,420.7926,1040.8986,1156.344,442.29694,167.05046,1153.6615,455.64423,1033.0386,1234.255,1095.8745,-370.35947,1320.3135,1094.331,370.29626,1270.7048,1484.1653,77.54266,1342.6705,1471.581,793.437,1394.997,1859.9657,534.5551,1421.6877,1824.212,1271.0286,1458.0381,1932.5278,582.6562,1480.2435,1895.1377,1317.3304,1264.5529,1946.6191,431.97113,1297.2726,1920.1565,1252.7258
IMG_8107(20230413-133400).JPG,1324.3657,174.60886,21.281021,1344.9192,141.0759,-125.69174,1343.1426,142.9818,-125.67034,1340.3668,145.21088,-125.64773,1357.6527,139.39944,-6.4237313,1365.8779,140.26074,-6.4390106,1373.9365,141.47163,-6.562149,1353.2496,175.42133,-537.822,1408.2395,178.60902,-12.154526,1315.5682,217.76883,-99.468025,1327.9073,218.41794,51.660667,1251.4249,414.1792,-813.1608,1501.9893,457.26294,294.91895,1049.5681,672.2619,-635.82605,1408.0007,757.4744,837.8655,1052.3975,406.7712,-62.479248,1254.5502,555.46893,1311.2251,1038.8604,334.99445,-68.304756,1229.2949,501.6342,1381.4988,1067.3351,323.9149,-73.61044,1217.7345,479.3208,1347.7196,1074.6942,343.7534,-46.72779,1214.4188,501.07034,1304.3568,1212.0161,1126.019,-347.04993,1363.1017,1138.7574,346.65143,1286.3336,1640.5934,-3.7998872,1407.8235,1621.4415,627.213,1375.729,2050.5986,199.4991,1453.2991,2037.4321,870.51,1433.8081,2136.7012,220.1822,1503.7769,2129.2178,890.2166,1252.3564,2177.471,73.772995,1327.5526,2107.8413,825.60046
IMG_8110(20230413-133403).JPG,1370.4564,320.31537,455.3187,1372.6525,282.80933,286.1282,1363.5608,281.8183,286.12622,1354.101,281.60345,286.15112,1401.0392,286.89447,396.89386,1412.8,288.68207,396.81055,1425.9493,291.24274,396.65494,1346.599,305.63696,-224.85551,1457.5309,322.9992,267.11093,1351.2336,355.5869,300.5255,1377.9235,363.66092,440.5668,1231.0272,528.9243,-640.8078,1524.2863,611.1937,548.50574,1060.4907,737.2903,-393.47504,1350.632,841.7134,977.4553,1079.7599,550.29114,383.49805,1170.2355,659.5838,1345.9216,1064.2313,500.9139,411.66635,1138.1713,604.17706,1433.3394,1094.1317,494.6466,421.63333,1150.1154,584.62146,1380.3192,1104.1047,510.43372,412.91812,1131.0481,604.01685,1328.4445,1199.8143,1196.514,-402.06894,1371.0674,1218.8975,401.69977,1231.8923,1707.7483,-232.83421,1405.3069,1707.7952,523.17004,1324.7457,2131.9456,-140.66478,1451.1488,2121.1826,671.5362,1373.8969,2207.856,-131.69193,1482.7329,2202.3062,686.7795,1219.7946,2230.6455,-283.31934,1323.664,2170.0217,594.02856
IMG_8111(20230413-133404).JPG,1311.7067,759.9455,152.10646,1308.4805,730.6538,20.24318,1300.0819,730.2108,20.13247,1291.3203,730.33673,20.087193,1334.1812,734.9533,71.79162,1344.292,737.65216,71.75982,1354.2078,740.91626,71.60844,1283.4888,749.26385,-364.4412,1382.5913,769.74426,-140.32034,1294.3312,787.86816,42.11371,1322.2411,795.67523,105.15047,1172.8301,945.1554,-611.5487,1454.3558,991.1521,0.6591315,1055.3866,1124.1252,-312.7396,1383.0154,1183.3906,520.01886,1069.8163,991.81573,319.742,1221.1421,1021.5573,1165.9785,1070.5436,963.49963,342.05472,1185.9486,990.76746,1255.6957,1089.09,939.6763,338.47806,1170.8958,971.05316,1229.2946,1088.1981,944.3768,337.22208,1171.8582,981.7108,1168.3646,1174.3608,1489.0963,-213.733,1327.8202,1496.4309,213.16425,1176.9564,1825.8647,351.84604,1280.0253,1839.5594,775.1882,1200.646,2153.497,823.8969,1268.3066,2162.4756,1260.5956,1219.0997,2206.9976,884.91565,1278.83,2215.1614,1315.2296,1155.0405,2206.4106,884.5493,1216.0167,2200.4407,1288.3595
IMG_8113(20230413-133406).JPG,1227.8322,515.9403,313.2528,1219.3628,484.12097,171.94368,1206.798,484.71646,171.77948,1194.0337,485.58426,171.68402,1252.9564,485.24008,209.40053,1264.1803,486.58258,209.47437,1276.064,487.99582,209.29616,1178.2012,508.84985,-255.51419,1301.2135,518.47363,-95.47707,1204.8533,549.8351,189.89384,1238.9441,554.1896,234.3625,1039.405,712.9322,-550.6062,1372.361,774.45496,-24.879871,929.39545,940.331,-276.12482,1348.0093,1013.04224,359.66144,997.0615,821.1811,360.05386,1194.1245,887.7433,923.5936,1008.2895,793.26843,384.85037,1159.3439,864.4008,1007.5122,1022.7936,768.60333,390.8282,1133.7463,842.8357,990.7768,1020.0992,774.6529,378.48236,1134.8208,849.6158,927.31537,1088.9172,1309.0175,-188.42216,1263.7101,1317.3574,188.20883,1097.9515,1673.4437,442.07513,1235.8872,1680.4844,703.49445,1146.709,2031.1809,882.56714,1229.9421,2039.8235,1065.0876,1164.6222,2093.3738,939.8066,1247.7747,2095.3455,1105.3129,1073.6858,2098.5596,939.8719,1179.0363,2081.1387,1049.5165
IMG_8115(20230413-133422).JPG,1151.148,664.4331,430.02835,1138.2388,635.9535,297.0101,1127.3876,636.60205,296.94556,1115.805,637.8415,296.81198,1168.2074,635.81903,302.83398,1178.3185,636.1195,302.82355,1189.501,636.8716,302.5695,1097.178,660.38806,-91.921875,1210.02,659.72906,-67.501205,1133.3623,696.48596,323.93045,1166.0126,692.72736,329.38947,956.7186,852.06616,-256.27417,1306.2184,880.6581,-118.75973,880.24963,1041.2676,197.25957,1339.4839,1120.8324,311.0888,981.315,1026.9241,925.24115,1279.2726,1026.9631,1033.8275,1006.56104,1020.1254,1001.9497,1256.709,1015.41724,1140.3625,1015.74774,1007.8316,987.72614,1248.4224,990.0704,1135.7266,1012.5452,1020.7212,941.1489,1242.1792,992.39734,1053.6228,1029.6736,1410.7175,-63.22996,1191.1464,1411.7296,62.583,1085.923,1772.6394,342.00912,1211.6898,1771.7385,457.6774,1113.2816,2136.3503,613.4776,1218.7668,2135.0222,752.9307,1118.0308,2202.848,649.9055,1223.4098,2200.6526,789.4353,1089.6323,2177.0786,683.37366,1182.5005,2162.6904,790.95654
