up (1).jpg,1649.6163,1340.4031,-1606.2043,1685.786,1293.0051,-1549.0737,1707.3281,1293.6439,-1549.0953,1727.2303,1295.047,-1549.201,1631.24,1291.1531,-1517.593,1616.7339,1290.6249,-1517.6417,1604.544,1290.6134,-1517.5216,1757.1162,1322.3605,-1060.2545,1599.6528,1320.3201,-900.5527,1689.78,1397.8208,-1411.3999,1623.984,1395.0818,-1367.9324,1902.7208,1623.7974,-781.04785,1472.9012,1615.1688,-411.29218,1964.1558,1996.8438,-1267.9631,1343.769,1967.427,-912.88544,1713.4932,1875.7924,-2123.4077,1491.6067,1865.4282,-2094.2363,1641.4471,1840.9147,-2340.7637,1539.7719,1827.698,-2321.7014,1641.7378,1801.4391,-2295.345,1543.1945,1791.9359,-2314.0925,1657.9447,1806.2847,-2114.9897,1540.6047,1799.3563,-2115.7708,1777.0125,2320.2166,-183.97012,1531.4067,2308.2375,183.77722,1852.1577,2794.272,-154.29257,1518.7948,2763.208,817.7704,1919.7712,3224.5322,524.68463,1499.9125,3132.317,1923.6052,1912.7219,3265.0356,548.6247,1547.9948,3181.3882,2006.3346,1894.9205,3406.8179,-157.74768,1367.2013,3272.0996,1501.3538
up (10).jpg,1570.2753,974.43854,555.66235,1529.8015,912.4943,418.87283,1503.667,911.473,418.6864,1479.6613,912.70294,418.05222,1593.1414,916.4729,353.26596,1609.1003,917.58167,353.39944,1624.3141,919.16705,353.0106,1438.678,968.0022,-18.935375,1628.3862,960.12115,-303.45142,1536.9374,1043.082,441.0625,1593.2523,1049.1914,360.79028,1165.6515,1429.2218,69.0489,1800.7996,1433.0154,-653.6455,1202.5931,1965.0293,502.51825,1967.4832,2024.0211,-116.20475,1453.7042,1995.5848,1257.1497,1862.2118,2016.2289,885.9868,1467.9369,2008.0592,1372.4722,1821.8129,2070.119,1010.4216,1523.3458,1947.5634,1402.0669,1758.201,2012.4994,952.6879,1536.481,1944.5173,1285.5168,1742.631,2011.8551,888.5536,1356.6942,2494.6426,264.15033,1689.7085,2504.6243,-264.84158,1323.1997,3167.983,842.5963,1692.2275,3251.3296,331.88287,1243.0681,3762.506,1292.6858,1719.8875,3963.1707,757.901,1219.9661,3869.598,1337.4507,1677.5343,4109.4463,805.25433,1353.945,3715.3005,1372.7052,1952.636,3936.1643,731.489
up (11).jpg,1307.7457,854.59735,442.70654,1264.3882,789.2825,244.00046,1238.7633,793.3108,243.67827,1211.9148,799.0563,243.06544,1335.7485,787.2423,226.20224,1357.5808,788.7653,226.49171,1381.9192,790.88654,226.28513,1177.0493,860.10767,-345.71802,1427.3131,835.9988,-417.30392,1277.471,931.6546,279.26172,1348.5068,928.4283,260.7565,969.20856,1379.0886,-372.9105,1701.6746,1351.6249,-627.6038,995.5279,1940.6229,204.33478,1873.054,1932.2667,-30.709726,1210.2335,1874.5637,1289.5833,1672.9009,1837.867,999.5156,1222.9536,1909.7163,1437.0403,1636.1965,1829.5092,1145.3862,1288.7004,1845.7222,1468.3013,1535.903,1727.5466,1103.7904,1298.6495,1841.1,1332.8864,1549.0531,1723.1251,1008.90985,1239.7155,2487.887,132.97115,1588.1896,2456.7625,-133.1038,1207.5009,3133.1511,901.6993,1632.9192,3168.7144,749.91394,1150.4264,3780.7551,1553.2701,1708.9022,3894.893,1349.6489,1161.0542,3898.0093,1626.1338,1674.2456,3999.2336,1416.0587,1218.3268,3692.7134,1697.9508,1850.9639,3781.3564,1436.5558
up (12).jpg,1335.6206,1001.5603,212.84709,1285.1094,930.2907,134.77716,1263.717,928.76575,134.64243,1241.8295,929.1625,134.34877,1325.1228,932.94824,27.271702,1332.555,932.5304,27.157944,1339.0518,932.58105,27.066517,1166.3246,974.5516,-47.56378,1300.7601,966.94196,-517.70636,1285.7013,1080.6832,191.90993,1331.8535,1088.0391,57.15678,796.4511,1460.855,124.06117,1413.289,1482.6047,-748.82764,842.7185,1886.2734,704.75446,1580.6841,2051.0747,-171.05891,1056.8337,1933.3932,1393.3859,1555.8657,2031.4884,816.0247,1059.7588,1953.2583,1495.8655,1567.0685,2039.582,904.465,1112.0114,1900.2971,1477.1381,1501.1122,1960.7992,861.8682,1130.647,1898.1483,1403.5203,1474.0505,1967.0148,829.20233,1019.8224,2568.7605,289.51688,1333.7858,2582.2236,-290.59058,974.089,3246.3723,819.47565,1360.983,3368.0063,248.74507,956.1999,3852.6462,1370.7618,1294.5992,4055.3093,745.5779,955.06946,3953.9626,1420.5228,1234.3087,4232.3496,793.6263,1065.4012,3851.5005,1423.0413,1458.5264,4132.9004,662.0973
up (13).jpg,1550.1335,1194.6571,-1309.997,1534.5095,1139.8595,-1199.6599,1540.155,1139.1125,-1199.2736,1544.91,1138.6316,-1198.6298,1494.9932,1139.4746,-1344.4381,1469.7229,1139.2378,-1344.7896,1441.132,1139.6731,-1345.0293,1487.2003,1162.7484,-543.7503,1355.1929,1170.8285,-1198.181,1547.5897,1260.1904,-1055.1514,1505.2346,1259.0237,-1243.9386,1538.719,1523.2103,132.19052,1206.3875,1569.7854,-1343.4518,1524.0791,1934.9187,-65.26638,1197.9413,2054.8523,-1281.9373,1596.3872,1914.1241,-1275.3649,1578.2937,1924.3685,-750.00574,1645.1125,1942.4977,-1468.3907,1693.6768,1887.0105,-809.3929,1683.1682,1814.1229,-1500.861,1684.1183,1820.7965,-784.9224,1634.1952,1829.8965,-1336.2976,1651.1948,1822.627,-701.9121,1582.6696,2413.233,463.6945,1397.3099,2452.2666,-465.0105,1563.2126,2910.7742,1605.254,1304.7529,3051.838,36.46916,1546.004,3358.8123,2820.7292,1281.3983,3569.6848,735.48236,1507.2532,3421.5212,2920.1797,1245.645,3657.7178,783.3654,1822.8611,3460.1328,2620.177,1484.0853,3813.1558,215.80089
up (14).jpg,1427.7578,1306.9098,-1197.7762,1413.4276,1255.7709,-1098.3364,1420.0614,1256.4282,-1098.1261,1425.4056,1257.0419,-1097.5176,1376.9531,1252.3981,-1235.9779,1353.0187,1250.7947,-1236.2792,1327.9258,1250.4111,-1236.5847,1372.6339,1279.9418,-472.454,1239.8325,1278.2452,-1085.5634,1429.6731,1372.1262,-950.1851,1387.7538,1369.8568,-1126.7206,1464.1593,1633.2787,148.3008,1077.0345,1671.5994,-1131.5067,1500.0126,1987.0444,-241.80766,1065.5424,2149.7349,-1073.6775,1539.1554,1983.0043,-1744.5115,1426.1313,1983.4025,-709.549,1587.1581,1961.3765,-1997.7588,1540.214,1955.6072,-783.08655,1583.9746,1900.6711,-2021.3108,1523.2655,1888.7494,-783.0607,1559.3782,1901.5048,-1808.1292,1486.6451,1890.903,-675.27466,1492.3876,2499.4941,388.9869,1273.3934,2534.889,-389.79202,1509.265,3008.47,1463.6772,1213.954,3117.0144,-19.75404,1525.675,3442.7993,2713.14,1192.8378,3636.894,593.4002,1478.042,3518.3076,2810.9946,1181.7097,3702.4688,624.1051,1774.6498,3572.7795,2413.9207,1334.7368,3899.6755,-23.565292
up (15).jpg,1537.7378,1205.985,-1354.6116,1525.5343,1153.0569,-1233.9373,1534.2535,1152.8862,-1233.8951,1541.4672,1152.5944,-1233.3511,1481.1333,1152.392,-1343.0658,1455.6576,1152.3829,-1343.2622,1429.2354,1153.4799,-1343.4841,1501.6226,1181.3126,-525.6852,1351.653,1188.5414,-1015.8745,1550.8911,1270.9092,-1082.0579,1499.4158,1271.214,-1222.2826,1635.8904,1544.1965,107.70842,1188.0216,1584.3892,-955.5198,1746.198,1895.1785,-10.747188,1160.8733,2057.0518,-1001.4484,1782.9026,1925.9369,-1271.7303,1548.5665,1899.2029,-991.5702,1808.5854,1928.5869,-1511.9312,1658.4559,1863.223,-1123.3009,1797.4543,1871.4987,-1592.1224,1650.7262,1807.4077,-1133.362,1770.4711,1862.894,-1344.9355,1617.9949,1811.728,-973.6574,1684.5576,2411.8335,334.16803,1431.212,2457.6887,-334.3046,1742.9003,2951.5374,1264.309,1418.91,3075.0293,13.070898,1784.7301,3395.1272,2539.2195,1424.1549,3596.7087,744.13043,1741.5758,3468.8464,2634.2817,1421.4741,3652.184,783.59485,2030.8965,3541.1296,2144.6106,1556.6165,3862.1982,73.065315
up (16).jpg,1665.7716,1117.7377,-1662.7976,1660.7855,1060.8494,-1550.6875,1671.5553,1059.0542,-1550.5697,1681.5521,1056.6011,-1550.269,1613.5914,1064.8528,-1637.0646,1588.762,1066.6056,-1637.3265,1561.6539,1069.3633,-1637.5027,1658.0085,1081.4806,-836.9634,1490.405,1105.488,-1225.1005,1684.9135,1180.6482,-1385.4894,1631.3429,1185.9277,-1497.6305,1818.7651,1470.6154,-205.55055,1314.8461,1510.5232,-993.39545,1974.0851,1873.2646,-355.3067,1247.0345,1975.8632,-1110.3076,1877.929,1823.6733,-1550.9132,1624.2292,1845.2206,-1384.6771,1854.4465,1828.4755,-1780.9731,1728.8607,1822.7667,-1530.1686,1847.0863,1773.6826,-1802.4053,1725.3143,1758.4481,-1526.6123,1839.2555,1769.071,-1589.9678,1698.1598,1757.735,-1366.4159,1794.1396,2338.6648,215.11906,1516.6776,2369.3965,-215.56491,1831.9453,2903.0225,830.56134,1471.6222,2973.7249,13.78233,1863.9022,3349.4187,2304.051,1486.4662,3481.2683,912.97815,1814.0594,3417.9753,2419.9287,1499.2244,3532.5266,968.1751,2087.6328,3518.4023,1856.818,1547.7343,3748.3171,214.67798
up (17).jpg,1651.6793,1043.4952,-1678.6372,1662.4653,986.50836,-1548.9177,1675.1835,988.5533,-1548.7299,1686.1191,990.2255,-1548.1984,1611.2666,975.72125,-1657.8984,1584.6981,969.94507,-1658.1815,1553.5745,964.1721,-1658.3469,1653.1599,1008.63684,-777.65857,1472.103,984.64856,-1269.592,1657.8007,1106.1877,-1382.6483,1600.8707,1096.2523,-1523.976,1704.4875,1409.0864,-38.748432,1216.8912,1347.8723,-1170.5657,1752.687,1831.8854,-222.96967,1079.1243,1824.2953,-1117.2162,1719.7521,1802.649,-1592.5698,1487.7404,1772.9286,-1028.2019,1716.6721,1797.5851,-1838.5862,1593.7915,1772.7079,-1138.8291,1717.8904,1733.3904,-1869.1136,1602.0256,1700.4818,-1157.4064,1706.6523,1725.9637,-1645.3762,1572.7344,1691.2487,-1007.7948,1514.7028,2266.988,353.00775,1258.212,2257.259,-353.48727,1456.6456,2801.7444,1246.2825,1123.8473,2862.2307,-39.760727,1422.7821,3229.9158,2665.101,1062.3052,3354.9314,784.62524,1365.0098,3297.3223,2773.9836,1045.7429,3418.675,831.02356,1648.0018,3404.5354,2274.0806,1158.2079,3619.377,99.07526
up (18).jpg,1459.1908,1010.5201,-1670.5492,1477.0739,968.9992,-1577.7921,1493.6816,968.9418,-1577.8402,1507.7421,969.1491,-1577.9895,1424.1929,968.447,-1587.8672,1401.2266,969.8456,-1588.0452,1380.4076,972.226,-1587.9618,1522.8608,990.562,-962.1378,1344.1842,998.3944,-1014.9638,1483.4893,1060.3546,-1434.8732,1419.4899,1060.4998,-1451.7323,1659.9404,1303.1957,-603.6415,1203.3105,1310.9491,-590.1183,1779.9572,1645.9153,-1109.1067,1070.1384,1633.2238,-1123.3348,1537.0265,1528.116,-2170.1511,1314.0852,1529.1633,-2183.1335,1483.9396,1499.6881,-2397.7917,1377.41,1503.4413,-2399.0286,1474.8977,1453.6472,-2368.768,1386.3341,1456.9575,-2356.5605,1483.6393,1458.6938,-2174.2603,1375.57,1460.7546,-2180.7683,1556.6631,1992.0599,-17.960438,1317.093,1992.1212,17.477026,1595.1553,2467.6216,57.014442,1302.9154,2470.555,285.77798,1625.0522,2850.5918,1202.4469,1307.4979,2857.2078,1425.7899,1592.7433,2903.1338,1281.8812,1345.2319,2901.4968,1507.4727,1717.1289,3004.671,695.753,1226.2919,3011.9558,908.41144
up (19).jpg,1342.6184,1030.845,-1568.3849,1355.5189,981.289,-1469.594,1368.9474,980.18427,-1469.5194,1381.2996,979.67303,-1469.3784,1303.0675,984.1709,-1495.1417,1279.134,985.1702,-1495.2892,1258.3717,985.76135,-1495.2146,1383.9076,1000.2266,-833.79504,1215.2668,1012.0003,-952.2671,1367.3754,1085.4084,-1327.041,1306.8473,1084.6938,-1361.4196,1521.7466,1312.9153,-375.58673,1064.7438,1322.6083,-618.2147,1660.1342,1660.8789,-741.31903,959.65594,1678.1984,-994.88025,1461.6459,1555.4093,-1788.5153,1240.7711,1562.54,-1770.8668,1417.0504,1529.786,-1998.9116,1317.6243,1537.1036,-1948.1952,1409.0486,1482.9332,-1969.746,1319.2517,1486.6477,-1920.8922,1412.3021,1485.9376,-1794.7986,1301.3114,1488.7583,-1763.9862,1437.5073,2013.6075,92.72581,1205.4324,2025.629,-93.37473,1443.6604,2476.0925,421.57205,1193.6002,2507.6335,121.93468,1477.0634,2862.6038,1487.306,1174.2828,2916.1057,1011.2198,1441.0476,2920.1594,1560.0808,1204.631,2958.611,1067.4915,1619.713,3008.6394,1001.4724,1132.2728,3101.3938,438.20477
up (2).jpg,1846.6449,1392.47,-1134.3553,1886.7522,1352.2797,-1097.4368,1906.698,1353.0361,-1097.6259,1926.0084,1354.332,-1097.6678,1841.1537,1349.4597,-1053.2853,1831.111,1348.4025,-1053.2275,1822.8307,1347.2385,-1053.2291,1963.6515,1380.8132,-715.4425,1836.8022,1369.6792,-505.97458,1881.5548,1443.7373,-979.0923,1830.5413,1441.7076,-921.23553,2088.2668,1653.4646,-587.09705,1743.3914,1636.1659,-5.822067,2116.207,1999.8909,-912.2607,1613.6915,1940.5487,-413.518,1871.9723,1856.4064,-1457.3615,1681.4357,1868.9802,-1487.8445,1801.9581,1819.2322,-1606.9025,1718.738,1833.1561,-1672.8247,1809.9823,1783.9529,-1581.565,1727.0024,1799.3124,-1677.038,1825.1307,1793.3717,-1445.9128,1728.4344,1807.2899,-1516.9882,1949.9979,2309.1365,-247.79964,1756.6139,2286.6553,247.72237,2016.8524,2737.5312,-190.5333,1749.3174,2664.4949,770.9935,2081.9946,3115.881,232.14497,1745.4541,3014.246,1622.7869,2096.5981,3162.6497,233.46663,1787.2258,3081.2017,1680.2986,1993.4324,3305.313,-381.34274,1572.0159,3117.5078,1284.4052
up (20).jpg,1330.8676,1096.4299,-1465.9977,1337.7174,1053.0168,-1375.6294,1349.055,1052.8634,-1375.618,1358.8091,1052.9264,-1375.5582,1294.6781,1053.2594,-1424.1469,1272.5527,1053.6416,-1424.3248,1249.8203,1055.3796,-1424.342,1352.4425,1075.376,-787.4811,1196.6772,1088.983,-1004.92645,1350.3164,1153.9167,-1239.9062,1301.4093,1157.3333,-1303.2267,1485.4309,1366.4425,-334.95428,1058.185,1412.8068,-741.69904,1635.1844,1703.311,-672.8619,1007.2347,1764.6324,-1066.743,1491.0569,1612.665,-1709.0295,1293.8309,1636.1545,-1673.3616,1459.7384,1593.1807,-1911.1987,1368.9211,1609.6562,-1834.8534,1448.1359,1546.7169,-1893.4441,1375.1443,1562.9692,-1811.888,1447.8511,1548.7108,-1724.877,1359.3658,1567.2831,-1664.5933,1458.252,2044.5737,108.95531,1225.326,2072.4563,-109.31808,1485.6539,2488.198,375.59714,1220.4298,2546.6628,123.304565,1528.4357,2878.3625,1410.8217,1247.1903,2944.9282,1006.95605,1502.3368,2949.2473,1483.9489,1277.4792,2993.5117,1063.3693,1697.6051,2990.8867,951.5081,1246.8715,3127.2988,449.906
up (21).jpg,1318.3932,1067.0365,-1223.1346,1307.5713,1022.5256,-1128.0175,1315.4558,1021.68414,-1127.9518,1322.8339,1020.8447,-1127.7078,1271.5566,1027.2197,-1188.3798,1252.0005,1031.0746,-1188.5282,1229.6455,1036.1383,-1188.6683,1302.867,1042.3112,-555.5897,1174.451,1067.1127,-825.00903,1337.9175,1114.9452,-1005.0348,1291.5618,1117.6415,-1082.394,1454.2031,1328.1923,-85.925896,1055.4248,1375.9053,-670.1231,1605.5449,1644.5676,-289.32004,1027.0083,1722.239,-923.54474,1517.1873,1573.3755,-1298.822,1319.1648,1590.3055,-1349.8185,1491.7957,1554.9917,-1495.5265,1381.8899,1557.5994,-1493.9509,1476.2728,1511.2534,-1506.1467,1382.739,1512.9438,-1482.5693,1468.255,1511.9105,-1329.2506,1365.9059,1520.1428,-1339.5513,1454.8406,2000.2574,173.2444,1248.0392,2028.9001,-173.6493,1485.3905,2434.0962,536.9788,1251.8119,2486.638,62.359196,1527.3174,2778.0283,1613.4396,1281.3795,2863.7083,906.6615,1489.9297,2842.2646,1693.614,1310.1494,2899.8079,963.31995,1708.516,2891.903,1220.8839,1306.8827,3054.636,380.21707
up (22).jpg,1312.0641,853.5973,-1424.1694,1309.1736,803.2042,-1317.2872,1318.0679,803.704,-1317.2059,1326.171,804.2678,-1316.8706,1269.433,802.4112,-1404.255,1248.4576,802.72766,-1404.4591,1225.6051,803.64905,-1404.596,1299.9092,828.7993,-674.8042,1160.2555,834.4903,-1064.959,1328.454,912.2628,-1176.5348,1277.3112,909.71906,-1288.4274,1399.054,1142.3583,-94.86436,993.26483,1148.9878,-922.5948,1453.4222,1469.3314,-179.611,961.3847,1523.4559,-922.7779,1488.2266,1461.025,-1276.3702,1276.0049,1422.0471,-1003.5393,1502.414,1444.0942,-1479.8657,1353.4376,1404.2249,-1117.3604,1499.5641,1396.4702,-1527.4612,1350.6261,1344.4445,-1138.7407,1474.2566,1393.1044,-1329.1274,1328.9619,1347.1909,-996.29114,1364.97,1840.1044,246.66457,1145.1072,1862.4084,-246.95738,1372.3834,2266.8635,782.38,1130.0842,2321.6833,216.67293,1383.5793,2639.1023,1956.9413,1136.3715,2719.7566,1235.5804,1339.5801,2698.2708,2047.9984,1138.6649,2766.816,1309.7424,1555.8184,2747.9504,1596.378,1221.9222,2900.0488,727.358
up (23).jpg,1242.469,1214.9596,-1405.045,1240.5372,1166.5414,-1300.8127,1249.5214,1165.886,-1300.721,1259.2395,1165.3711,-1300.3784,1201.7197,1168.9348,-1369.8043,1180.9349,1170.6267,-1370.0338,1159.9004,1173.0782,-1370.2689,1246.0884,1186.4893,-647.2603,1106.6793,1203.2294,-949.9678,1260.7067,1271.3597,-1151.7037,1214.4188,1274.681,-1238.0775,1388.0328,1469.1818,-13.593826,974.8344,1525.8405,-797.0856,1500.3644,1780.369,-31.305546,967.21313,1887.1793,-933.48535,1538.6855,1764.9862,-1127.9946,1265.2814,1750.8481,-1250.2864,1595.8743,1772.6448,-1326.9277,1340.9408,1723.208,-1392.1655,1543.7904,1707.5444,-1399.3408,1342.1803,1676.2498,-1407.6565,1526.8743,1707.4353,-1191.1698,1320.3928,1680.9508,-1245.7314,1410.6512,2162.0186,236.79352,1195.8251,2195.244,-237.00243,1454.8823,2592.4426,701.54816,1216.3857,2666.3494,71.28629,1485.7854,2971.3042,1849.6287,1239.0983,3072.1555,966.70306,1450.98,3035.167,1934.2214,1250.1052,3113.2537,1027.2289,1671.2701,3084.9863,1444.7014,1318.6938,3255.3225,408.18958
up (24).jpg,1528.3429,1385.6621,-1429.6486,1534.8765,1343.3037,-1334.4081,1544.8278,1344.424,-1334.3569,1555.9521,1345.5978,-1334.1534,1494.2021,1339.2091,-1389.4633,1473.8918,1338.1102,-1389.6119,1453.4081,1338.0403,-1389.7206,1546.3665,1367.5183,-714.528,1403.1554,1364.7476,-963.7424,1542.5277,1442.7205,-1189.5614,1492.3649,1440.7406,-1261.9656,1648.8351,1672.4653,-188.53996,1229.7738,1662.0211,-726.2425,1757.6547,2029.0577,-393.97296,1129.7437,2004.8358,-1046.2664,1652.1049,1946.2137,-1485.569,1443.1687,1921.7759,-1694.2283,1625.5789,1918.7827,-1700.0028,1526.3552,1905.2533,-1872.592,1619.6696,1874.0167,-1722.9849,1538.3734,1863.8866,-1862.707,1617.8403,1876.0171,-1519.9716,1520.7214,1864.0837,-1688.9407,1550.604,2357.5251,166.24748,1311.6938,2353.2537,-166.7945,1520.9229,2817.6208,478.25858,1257.6471,2826.406,20.46873,1506.5818,3205.9238,1645.6082,1225.0634,3232.244,907.9427,1474.0028,3261.8914,1730.409,1229.2985,3277.3523,964.5457,1648.6033,3374.7944,1175.5957,1245.1337,3447.8804,313.72873
up (25).jpg,1085.6311,974.2725,-1586.5785,1092.6862,923.55493,-1491.7476,1104.6079,923.35046,-1491.7478,1117.2057,922.9524,-1491.7648,1040.9575,925.50854,-1508.5275,1017.29297,926.8609,-1508.6263,996.0774,928.63306,-1508.4845,1119.7826,947.5755,-870.8738,948.92664,960.2207,-946.8122,1107.4102,1028.5365,-1349.9792,1049.586,1028.6128,-1372.0302,1265.3534,1264.3578,-462.8181,797.5513,1279.4922,-567.67957,1411.1149,1613.6702,-754.192,712.5467,1647.0028,-1019.69806,1232.8479,1518.059,-1674.7415,974.1895,1514.492,-1958.7339,1189.8145,1497.3435,-1863.1232,1068.8572,1489.9807,-2152.1377,1181.9067,1454.4282,-1844.5164,1073.1638,1441.6677,-2115.5308,1184.7577,1456.7422,-1680.9191,1049.8672,1442.8605,-1956.0902,1201.4666,1978.1191,31.798166,957.2086,1997.0219,-32.399345,1228.493,2455.3723,230.49535,961.2981,2471.0935,162.57283,1273.3561,2844.9146,1391.289,975.8925,2879.7368,1164.0266,1225.4419,2902.2766,1474.5261,1008.7755,2924.0518,1234.7893,1393.1467,2996.5493,904.67975,949.2335,3067.4502,632.1266
up (26).jpg,1467.1752,1143.4607,-1735.6602,1495.3265,1099.0808,-1649.1035,1511.3953,1099.7811,-1649.1593,1528.6521,1100.6967,-1649.2552,1434.5671,1096.374,-1654.5063,1412.7202,1096.0098,-1654.7064,1393.2404,1096.2117,-1654.5886,1547.052,1125.453,-1030.4613,1364.8828,1118.5953,-1054.9911,1498.3905,1200.4551,-1495.9735,1430.3586,1202.1279,-1505.4369,1666.269,1447.7059,-612.93427,1208.9116,1443.5265,-591.0288,1765.3575,1825.212,-1077.0037,1101.5045,1811.7992,-1074.3489,1552.607,1693.6741,-2205.0178,1320.7539,1689.2833,-2237.3354,1502.6436,1664.9087,-2441.0725,1382.9431,1658.0142,-2476.472,1499.0874,1618.7052,-2425.7788,1392.2039,1611.0946,-2449.3755,1506.5107,1624.0708,-2215.8994,1382.4749,1615.3049,-2243.2173,1583.2764,2140.2764,-19.185059,1312.9142,2144.7295,18.588726,1653.6477,2638.7168,-20.065771,1270.5911,2661.3848,142.09547,1703.9071,3043.4207,1135.2949,1240.3253,3049.1594,1203.8517,1689.1959,3095.512,1211.1403,1274.8368,3108.5874,1273.5366,1762.3619,3225.2498,549.4254,1145.8435,3228.2734,619.0352
up (3).jpg,1517.4476,1024.0524,-808.171,1549.8914,971.9096,-867.8309,1563.3617,971.40607,-868.1407,1579.3796,970.1844,-868.30286,1525.8364,970.6,-724.5191,1521.8177,969.8771,-724.4153,1518.2656,968.8033,-724.2622,1660.1647,992.058,-839.45496,1574.102,993.00073,-193.14755,1553.4337,1074.7509,-779.31744,1524.2587,1075.9442,-594.1347,1805.97,1273.237,-965.50604,1577.3964,1290.0604,445.15335,1789.8374,1659.0953,-1072.7523,1567.4352,1639.7804,163.84186,1524.1603,1549.7739,-933.724,1429.2057,1561.5697,-1020.5672,1459.36,1517.547,-1030.1067,1385.6594,1541.7521,-1178.9956,1467.2142,1469.1523,-1008.94037,1394.1389,1505.971,-1249.7085,1485.2712,1473.5127,-904.081,1417.9055,1508.546,-1095.1797,1711.2579,2011.6039,-449.24606,1571.278,1991.0854,449.0783,1793.252,2493.5933,-188.61357,1600.0476,2410.4507,1187.269,1833.6627,2947.997,265.05658,1617.0406,2765.5457,2077.3115,1883.3971,3024.352,276.1224,1666.9055,2843.2869,2141.2397,1661.01,3084.8445,-277.06274,1410.5613,2855.9626,1885.1398
up (4).jpg,1747.5674,1346.0057,-509.33948,1776.9478,1296.7805,-626.04706,1786.7478,1295.5673,-626.18805,1797.8114,1293.7207,-626.4224,1767.1035,1295.3762,-455.39166,1769.7201,1293.4268,-455.30618,1772.8013,1290.9355,-455.08325,1867.0381,1310.6003,-859.29297,1844.2291,1307.2897,-101.88504,1778.3911,1395.5836,-576.3242,1765.016,1396.661,-358.50327,1965.9276,1613.0122,-1126.7423,1882.0504,1597.7955,422.6612,1913.7473,2009.4264,-849.1843,1876.2595,1963.9762,130.0303,1709.8185,1857.0477,79.3636,1711.895,1852.0089,-751.2162,1647.6803,1823.0907,75.75112,1651.7118,1806.4343,-870.65424,1668.3473,1784.6882,85.47815,1665.2042,1783.2681,-905.90063,1690.4142,1787.4961,119.612976,1689.0818,1791.1643,-804.8345,1913.5786,2355.618,-482.71652,1857.0641,2317.2378,482.07812,1965.6454,2871.27,84.78913,1913.4409,2796.2346,1429.8308,2010.274,3304.524,595.75244,1950.6919,3118.8845,2451.3684,2062.0593,3390.5034,628.37555,1989.3826,3170.2502,2541.1418,1809.0862,3439.6697,226.42613,1761.266,3166.2039,2424.9028
up (5).jpg,1621.0492,1330.8734,-558.1834,1650.6766,1274.7296,-676.1254,1661.138,1273.3346,-676.29144,1671.9607,1272.0089,-676.57166,1638.0403,1275.7227,-498.67032,1639.0656,1275.1552,-498.66083,1640.3251,1274.2322,-498.4936,1744.2516,1296.4261,-912.89496,1712.2192,1296.515,-127.61592,1651.9603,1386.0476,-626.2837,1636.9172,1387.063,-400.056,1831.7698,1599.0828,-1192.828,1784.7848,1589.8512,425.93158,1768.0863,2017.1191,-908.5724,1749.6298,1971.3698,168.15073,1560.2056,1861.3618,40.99318,1568.9387,1861.2178,-681.90137,1495.5188,1830.3722,29.882097,1507.8877,1824.0015,-788.88043,1521.6237,1793.0377,41.964138,1523.341,1801.7911,-837.9253,1547.972,1796.8702,79.574585,1556.6296,1809.0142,-739.4837,1786.9459,2349.9229,-507.99738,1761.3212,2320.2625,507.3516,1825.8207,2878.2356,43.364616,1801.7916,2790.0696,1327.034,1868.6328,3346.9888,561.0396,1861.0693,3146.5627,2229.5273,1928.4991,3444.414,595.6499,1909.1234,3238.5159,2309.9915,1637.1791,3467.22,210.15561,1693.604,3204.9915,2184.6746
up (6).jpg,1554.3712,1287.5033,-511.25626,1583.0018,1232.696,-636.5938,1591.8748,1232.0911,-636.7845,1602.0417,1231.5797,-637.08215,1575.2926,1232.894,-454.55795,1577.6476,1232.5162,-454.5506,1580.5732,1231.8706,-454.4873,1679.7281,1257.52,-903.8648,1662.3654,1254.6925,-101.80977,1583.5955,1347.5327,-589.4527,1574.0547,1348.7368,-358.09518,1748.0001,1566.2622,-1207.036,1763.4241,1558.7399,462.5398,1627.1274,2012.5337,-867.34924,1666.4391,1963.6383,208.78072,1468.895,1839.9226,162.90875,1497.8474,1824.9282,-593.19257,1409.5917,1800.2354,162.44894,1446.6776,1781.4792,-685.1464,1440.0922,1762.2188,162.1865,1468.4335,1758.2087,-726.4153,1465.7131,1770.2559,199.20662,1490.4686,1769.1852,-645.7419,1671.6925,2359.6565,-504.26456,1710.1693,2334.0442,503.4399,1662.5399,2879.7776,34.486317,1738.911,2803.2578,1315.4032,1684.5234,3401.0293,524.49713,1792.5314,3175.2898,2204.6738,1738.5151,3499.106,556.6243,1844.2124,3237.564,2286.265,1449.1516,3460.4116,220.58519,1598.9512,3215.087,2202.0127
up (7).jpg,1477.673,1279.6123,-348.979,1505.5513,1222.38,-496.16074,1512.8279,1222.5397,-496.42776,1520.6705,1222.5792,-496.67664,1503.359,1219.5503,-337.98514,1508.7979,1217.7454,-337.86853,1515.4209,1215.6827,-337.9255,1597.6675,1247.4994,-823.0791,1606.4427,1242.1554,-130.39345,1506.8184,1349.3901,-436.7022,1505.0708,1348.292,-235.97887,1587.1105,1635.0181,-1033.396,1811.5892,1599.5469,369.6662,1468.556,2152.291,-670.28265,1773.0977,2004.9526,787.76544,1375.3445,1972.5472,207.18927,1561.3285,1917.0675,973.168,1319.2885,1915.6108,216.51442,1482.4408,1860.4004,1002.2718,1346.4355,1866.5381,211.62231,1476.1643,1858.1147,963.11206,1379.3796,1890.8479,236.6351,1489.2784,1867.8854,951.9436,1560.5798,2512.6633,-441.57208,1746.2411,2484.326,441.80396,1578.9307,3092.0076,-6.93099,1809.3287,2945.2969,1349.0397,1594.4365,3694.107,269.18378,1814.5071,3400.7554,2142.8723,1653.2795,3814.3645,281.71924,1838.9056,3476.3928,2216.5696,1304.5094,3743.805,71.36324,1587.2728,3409.4858,2273.1953
up (8).jpg,1678.8652,824.5771,357.11597,1680.9366,777.8538,153.42542,1675.3423,778.2913,153.07661,1669.1255,779.3006,152.78804,1707.2836,778.22424,216.96388,1722.3419,778.68365,217.15384,1737.6251,779.61566,216.65126,1690.2366,808.8597,-445.9526,1796.9232,813.03845,-171.579,1673.9487,873.6149,187.92784,1707.8821,875.0372,266.02563,1559.7986,1178.5499,-769.90045,2059.3286,1171.9015,-99.11184,1452.2411,1596.4246,-223.91052,2107.7234,1531.2426,486.12656,1507.1776,1559.0328,848.4427,1911.3234,1514.7267,1367.7335,1487.0776,1521.8899,927.2222,1857.7208,1505.345,1504.4088,1525.0896,1470.7976,921.43994,1831.4154,1455.2372,1499.7719,1586.9128,1468.1562,879.0221,1842.2463,1459.6993,1386.2626,1666.706,1968.6622,-233.80653,1931.5356,1963.6824,232.73764,1606.2684,2502.2258,436.9737,1971.0815,2460.3635,1031.3207,1574.7258,2976.2761,969.97296,1982.1547,2911.271,1617.4991,1601.5474,3079.7522,1037.9081,1973.6577,3018.848,1684.7354,1400.3738,2959.188,1126.5472,1936.758,2925.7803,1754.4886
up (9).jpg,1474.4011,1095.023,614.94476,1450.8624,1045.5721,392.26474,1436.6315,1046.5691,392.0747,1421.2078,1048.556,391.8084,1498.8887,1045.9519,432.9102,1518.8071,1046.9816,433.0777,1539.2516,1048.8252,432.49713,1402.7573,1095.8074,-303.8899,1591.452,1094.9832,-130.24414,1446.5121,1155.8872,411.68332,1501.5165,1158.0282,460.69974,1217.5835,1472.0848,-606.94464,1826.7532,1471.1069,-207.22736,1114.3656,1942.9524,28.33333,1910.929,1897.3531,355.0407,1286.4471,1907.1912,1196.0161,1769.8721,1840.811,1256.507,1319.3883,1906.3236,1318.0581,1730.6821,1837.0001,1410.6351,1370.3895,1867.9655,1308.4004,1687.7305,1792.816,1404.8055,1375.9725,1870.6051,1226.8083,1684.3972,1794.71,1279.1288,1409.8329,2386.5447,-130.38586,1716.0863,2364.362,129.45851,1364.0969,2959.6514,267.7451,1801.5905,2945.4985,827.16534,1338.4717,3546.699,510.84637,1851.959,3522.9116,1213.8944,1368.3295,3677.6409,545.618,1837.4172,3650.6938,1261.2277,1286.6516,3486.9924,593.0558,1899.5045,3518.148,1342.7585
